{"cameraMode":{"drawMode":0,"name":"Shaded","section":"Shading Mode"},"sceneLighting":false,"audioPlay":false,"sceneViewState":{"showFog":true,"showMaterialUpdate":false,"showSkybox":false,"showFlares":true,"showImageEffects":true,"showParticleSystems":true,"showVisualEffectGraphs":true,"m_FxEnabled":true},"in2DMode":false,"pivot":{"x":-0.328818142414093,"y":0.008917778730392456,"z":-0.2715640068054199},"rotation":{"x":0.08428673446178436,"y":0.9089490175247192,"z":-0.22474649548530579,"w":0.34088245034217837},"size":0.7919349074363709,"orthographic":false}