{"cameraMode":{"drawMode":0,"name":"Shaded","section":"Shading Mode"},"sceneLighting":false,"audioPlay":false,"sceneViewState":{"showFog":true,"showMaterialUpdate":false,"showSkybox":false,"showFlares":true,"showImageEffects":true,"showParticleSystems":true,"showVisualEffectGraphs":true,"m_FxEnabled":true},"in2DMode":false,"pivot":{"x":11.289144515991211,"y":0.07800006866455078,"z":-2.1600093841552736},"rotation":{"x":0.053976938128471377,"y":0.9305049777030945,"z":-0.1529330611228943,"w":0.32841721177101138},"size":7.82267427444458,"orthographic":false}