{"cameraMode":{"drawMode":0,"name":"Shaded","section":"Shading Mode"},"sceneLighting":false,"audioPlay":false,"sceneViewState":{"showFog":true,"showMaterialUpdate":false,"showSkybox":true,"showFlares":true,"showImageEffects":true,"showParticleSystems":true,"showVisualEffectGraphs":true,"m_FxEnabled":true},"in2DMode":false,"pivot":{"x":-6.73367977142334,"y":2.014167308807373,"z":21.285280227661134},"rotation":{"x":0.038395848125219348,"y":0.015285152941942215,"z":0.00018236113828606904,"w":0.9992589950561523},"size":5.5779595375061039,"orthographic":false}