{"cameraMode":{"drawMode":0,"name":"Shaded","section":"Shading Mode"},"sceneLighting":false,"audioPlay":false,"sceneViewState":{"showFog":true,"showMaterialUpdate":false,"showSkybox":true,"showFlares":true,"showImageEffects":true,"showParticleSystems":true,"showVisualEffectGraphs":true,"m_FxEnabled":true},"in2DMode":false,"pivot":{"x":-0.23964068293571473,"y":2.1719326972961427,"z":1.2214460372924805},"rotation":{"x":-0.10415636748075485,"y":0.03034515120089054,"z":-0.0035340876784175636,"w":-0.9941943287849426},"size":3.0146219730377199,"orthographic":false}