{"cameraMode":{"drawMode":0,"name":"Shaded","section":"Shading Mode"},"sceneLighting":false,"audioPlay":false,"sceneViewState":{"showFog":true,"showMaterialUpdate":false,"showSkybox":true,"showFlares":true,"showImageEffects":true,"showParticleSystems":true,"showVisualEffectGraphs":true,"m_FxEnabled":true},"in2DMode":false,"pivot":{"x":212.18118286132813,"y":62.10767364501953,"z":155.18276977539063},"rotation":{"x":-0.1042010560631752,"y":0.01095555443316698,"z":-0.001221256679855287,"w":-0.9945061802864075},"size":303.61578369140627,"orthographic":false}