{"cameraMode":{"drawMode":0,"name":"Shaded","section":"Shading Mode"},"sceneLighting":false,"audioPlay":false,"sceneViewState":{"showFog":true,"showMaterialUpdate":false,"showSkybox":true,"showFlares":true,"showImageEffects":true,"showParticleSystems":true,"showVisualEffectGraphs":true,"m_FxEnabled":true},"in2DMode":false,"pivot":{"x":6.618327617645264,"y":10.672392845153809,"z":60.09980392456055},"rotation":{"x":0.08209315687417984,"y":-0.1684986799955368,"z":0.014131417497992516,"w":0.9821829199790955},"size":1.6088721752166749,"orthographic":false}