{"cameraMode":{"drawMode":0,"name":"Shaded","section":"Shading Mode"},"sceneLighting":true,"audioPlay":false,"sceneViewState":{"showFog":true,"showMaterialUpdate":false,"showSkybox":true,"showFlares":true,"showImageEffects":true,"showParticleSystems":true,"showVisualEffectGraphs":true,"m_FxEnabled":true},"in2DMode":false,"pivot":{"x":12.188194274902344,"y":-4.052361488342285,"z":43.759742736816409},"rotation":{"x":-0.17390118539333344,"y":-0.2201598733663559,"z":0.040032580494880679,"w":-0.9590877890586853},"size":25.112873077392579,"orthographic":false}