{"cameraMode":{"drawMode":0,"name":"Shaded","section":"Shading Mode"},"sceneLighting":false,"audioPlay":false,"sceneViewState":{"showFog":true,"showMaterialUpdate":false,"showSkybox":true,"showFlares":true,"showImageEffects":true,"showParticleSystems":true,"showVisualEffectGraphs":true,"m_FxEnabled":true},"in2DMode":false,"pivot":{"x":-1.8634109497070313,"y":0.15733861923217774,"z":2.5320229530334474},"rotation":{"x":0.2775317430496216,"y":-0.31112855672836306,"z":0.09552774578332901,"w":0.9039095044136047},"size":3.1539814472198488,"orthographic":false}