{"cameraMode":{"drawMode":0,"name":"Shaded","section":"Shading Mode"},"sceneLighting":false,"audioPlay":false,"sceneViewState":{"showFog":true,"showMaterialUpdate":false,"showSkybox":true,"showFlares":true,"showImageEffects":true,"showParticleSystems":true,"showVisualEffectGraphs":true,"m_FxEnabled":true},"in2DMode":false,"pivot":{"x":-0.48090052604675295,"y":4.646827220916748,"z":-10.86989688873291},"rotation":{"x":0.030346427112817766,"y":0.8583078980445862,"z":-0.051019005477428439,"w":0.5097019076347351},"size":1.5189659595489503,"orthographic":false}