{"cameraMode":{"drawMode":0,"name":"Shaded","section":"Shading Mode"},"sceneLighting":false,"audioPlay":false,"sceneViewState":{"showFog":true,"showMaterialUpdate":false,"showSkybox":false,"showFlares":true,"showImageEffects":true,"showParticleSystems":true,"showVisualEffectGraphs":true,"m_FxEnabled":true},"in2DMode":false,"pivot":{"x":-20.900075912475587,"y":3.0000007152557375,"z":6.636042594909668},"rotation":{"x":0.0024761902168393137,"y":-0.978402853012085,"z":0.011742297559976578,"w":0.20637111365795136},"size":3.2899911403656008,"orthographic":false}