{"cameraMode":{"drawMode":0,"name":"Shaded","section":"Shading Mode"},"sceneLighting":false,"audioPlay":false,"sceneViewState":{"showFog":true,"showMaterialUpdate":false,"showSkybox":false,"showFlares":true,"showImageEffects":true,"showParticleSystems":true,"showVisualEffectGraphs":true,"m_FxEnabled":true},"in2DMode":false,"pivot":{"x":-19.127429962158204,"y":0.5618245601654053,"z":-10.438605308532715},"rotation":{"x":0.053976938128471377,"y":0.9305049777030945,"z":-0.1529330611228943,"w":0.32841721177101138},"size":2.882173538208008,"orthographic":false}