{"cameraMode":{"drawMode":0,"name":"Shaded","section":"Shading Mode"},"sceneLighting":false,"audioPlay":false,"sceneViewState":{"showFog":true,"showMaterialUpdate":false,"showSkybox":false,"showFlares":true,"showImageEffects":true,"showParticleSystems":true,"showVisualEffectGraphs":true,"m_FxEnabled":true},"in2DMode":false,"pivot":{"x":-2.3712501525878908,"y":-0.008846282958984375,"z":9.59791088104248},"rotation":{"x":0.053976938128471377,"y":0.9305049777030945,"z":-0.1529330611228943,"w":0.32841721177101138},"size":10.41084098815918,"orthographic":false}