{"cameraMode":{"drawMode":0,"name":"Shaded","section":"Shading Mode"},"sceneLighting":true,"audioPlay":false,"sceneViewState":{"showFog":true,"showMaterialUpdate":false,"showSkybox":false,"showFlares":true,"showImageEffects":true,"showParticleSystems":true,"showVisualEffectGraphs":true,"m_FxEnabled":true},"in2DMode":false,"pivot":{"x":-1.4251227378845215,"y":0.07214246690273285,"z":-2.068833351135254},"rotation":{"x":-0.0019896230660378935,"y":0.9641427993774414,"z":-0.007231208495795727,"w":-0.26527804136276247},"size":1.482694387435913,"orthographic":false}