{"cameraMode":{"drawMode":0,"name":"Shaded","section":"Shading Mode"},"sceneLighting":false,"audioPlay":false,"sceneViewState":{"showFog":true,"showMaterialUpdate":false,"showSkybox":false,"showFlares":true,"showImageEffects":true,"showParticleSystems":true,"showVisualEffectGraphs":true,"m_FxEnabled":true},"in2DMode":false,"pivot":{"x":0.9672658443450928,"y":1.3768222332000733,"z":0.1520519256591797},"rotation":{"x":0.053976938128471377,"y":0.9305049777030945,"z":-0.1529330611228943,"w":0.32841721177101138},"size":2.9075002670288088,"orthographic":false}