{"cameraMode":{"drawMode":0,"name":"Shaded","section":"Shading Mode"},"sceneLighting":true,"audioPlay":false,"sceneViewState":{"showFog":true,"showMaterialUpdate":false,"showSkybox":false,"showFlares":true,"showImageEffects":true,"showParticleSystems":true,"showVisualEffectGraphs":true,"m_FxEnabled":true},"in2DMode":false,"pivot":{"x":3.5102968215942385,"y":2.6520962715148927,"z":-3.1365151405334474},"rotation":{"x":-0.014475109986960888,"y":0.9732866883277893,"z":-0.22000735998153687,"w":-0.06403616815805435},"size":6.455857276916504,"orthographic":false}