{"cameraMode":{"drawMode":0,"name":"Shaded","section":"Shading Mode"},"sceneLighting":false,"audioPlay":false,"sceneViewState":{"showFog":true,"showMaterialUpdate":false,"showSkybox":false,"showFlares":true,"showImageEffects":true,"showParticleSystems":true,"showVisualEffectGraphs":true,"m_FxEnabled":true},"in2DMode":false,"pivot":{"x":2.8436951637268068,"y":0.39837193489074709,"z":-1.9995059967041016},"rotation":{"x":0.21316589415073396,"y":0.3239383101463318,"z":-0.07516493648290634,"w":0.9186809659004211},"size":7.185761451721191,"orthographic":false}