{"cameraMode":{"drawMode":0,"name":"Shaded","section":"Shading Mode"},"sceneLighting":false,"audioPlay":false,"sceneViewState":{"showFog":true,"showMaterialUpdate":false,"showSkybox":false,"showFlares":true,"showImageEffects":true,"showParticleSystems":true,"showVisualEffectGraphs":true,"m_FxEnabled":true},"in2DMode":false,"pivot":{"x":-1.032801628112793,"y":0.6567869186401367,"z":-1.7135050296783448},"rotation":{"x":0.15340295433998109,"y":-0.41019511222839358,"z":0.07020184397697449,"w":0.8962589502334595},"size":3.1660330295562746,"orthographic":false}