{"cameraMode":{"drawMode":0,"name":"Shaded","section":"Shading Mode"},"sceneLighting":false,"audioPlay":false,"sceneViewState":{"showFog":true,"showMaterialUpdate":false,"showSkybox":false,"showFlares":true,"showImageEffects":true,"showParticleSystems":true,"showVisualEffectGraphs":true,"m_FxEnabled":true},"in2DMode":false,"pivot":{"x":-0.011192195117473603,"y":-2.010322332382202,"z":0.6569486856460571},"rotation":{"x":0.5789055228233337,"y":-0.004892293829470873,"z":0.0034735691733658315,"w":0.8153728246688843},"size":2.1371071338653566,"orthographic":false}