{"cameraMode":{"drawMode":0,"name":"Shaded","section":"Shading Mode"},"sceneLighting":false,"audioPlay":false,"sceneViewState":{"showFog":true,"showMaterialUpdate":false,"showSkybox":false,"showFlares":true,"showImageEffects":true,"showParticleSystems":true,"showVisualEffectGraphs":true,"m_FxEnabled":true},"in2DMode":false,"pivot":{"x":-5.490755081176758,"y":4.531097412109375,"z":19.469276428222658},"rotation":{"x":0.007112628780305386,"y":0.9905768036842346,"z":-0.05652417987585068,"w":0.12458345293998718},"size":5.0893707275390629,"orthographic":false}