{"cameraMode":{"drawMode":0,"name":"Shaded","section":"Shading Mode"},"sceneLighting":false,"audioPlay":false,"sceneViewState":{"showFog":true,"showMaterialUpdate":false,"showSkybox":false,"showFlares":true,"showImageEffects":true,"showParticleSystems":true,"showVisualEffectGraphs":true,"m_FxEnabled":true},"in2DMode":false,"pivot":{"x":0.39027613401412966,"y":1.169511318206787,"z":0.2953188717365265},"rotation":{"x":0.17969971895217896,"y":-0.09280946850776673,"z":0.017032356932759286,"w":0.9791854619979858},"size":1.57051420211792,"orthographic":true}