{"cameraMode":{"drawMode":0,"name":"Shaded","section":"Shading Mode"},"sceneLighting":false,"audioPlay":false,"sceneViewState":{"showFog":true,"showMaterialUpdate":false,"showSkybox":false,"showFlares":true,"showImageEffects":true,"showParticleSystems":true,"showVisualEffectGraphs":true,"m_FxEnabled":true},"in2DMode":false,"pivot":{"x":0.22164787352085114,"y":-1.233028531074524,"z":0.6468592286109924},"rotation":{"x":-0.5210283398628235,"y":-0.03173881769180298,"z":0.018915381282567979,"w":-0.8528595566749573},"size":1.3088722229003907,"orthographic":false}