{"cameraMode":{"drawMode":0,"name":"Shaded","section":"Shading Mode"},"sceneLighting":false,"audioPlay":false,"sceneViewState":{"showFog":true,"showMaterialUpdate":false,"showSkybox":false,"showFlares":true,"showImageEffects":true,"showParticleSystems":true,"showVisualEffectGraphs":true,"m_FxEnabled":true},"in2DMode":false,"pivot":{"x":-1.2799999713897706,"y":1.3000001907348633,"z":-0.06000007688999176},"rotation":{"x":-0.26325321197509768,"y":-0.006283143535256386,"z":0.0016743596643209458,"w":-0.9647120237350464},"size":1.8261442184448243,"orthographic":false}