{"cameraMode":{"drawMode":0,"name":"Shaded","section":"Shading Mode"},"sceneLighting":false,"audioPlay":false,"sceneViewState":{"showFog":true,"showMaterialUpdate":false,"showSkybox":false,"showFlares":true,"showImageEffects":true,"showParticleSystems":true,"showVisualEffectGraphs":true,"m_FxEnabled":true},"in2DMode":false,"pivot":{"x":0.7845375537872315,"y":1.7429500818252564,"z":-0.1704031229019165},"rotation":{"x":0.12789380550384522,"y":0.8579252362251282,"z":-0.2577914595603943,"w":0.42565178871154787},"size":1.2247450351715088,"orthographic":false}