{"cameraMode":{"drawMode":0,"name":"Shaded","section":"Shading Mode"},"sceneLighting":false,"audioPlay":false,"sceneViewState":{"showFog":true,"showMaterialUpdate":false,"showSkybox":false,"showFlares":true,"showImageEffects":true,"showParticleSystems":true,"showVisualEffectGraphs":true,"m_FxEnabled":true},"in2DMode":false,"pivot":{"x":-1.3520212173461915,"y":0.29083937406539919,"z":0.19226956367492677},"rotation":{"x":0.14624644815921784,"y":0.1213509663939476,"z":-0.01807931251823902,"w":0.9816127419471741},"size":1.2578396797180176,"orthographic":false}