{"cameraMode":{"drawMode":0,"name":"Shaded","section":"Shading Mode"},"sceneLighting":false,"audioPlay":false,"sceneViewState":{"showFog":true,"showMaterialUpdate":false,"showSkybox":false,"showFlares":true,"showImageEffects":true,"showParticleSystems":true,"showVisualEffectGraphs":true,"m_FxEnabled":true},"in2DMode":false,"pivot":{"x":-10.069711685180664,"y":0.8685083389282227,"z":2.7602083683013918},"rotation":{"x":0.06513902544975281,"y":0.9336057305335999,"z":-0.2729140818119049,"w":0.22283266484737397},"size":2.8811330795288088,"orthographic":false}