{"cameraMode":{"drawMode":0,"name":"Shaded","section":"Shading Mode"},"sceneLighting":true,"audioPlay":false,"sceneViewState":{"showFog":true,"showMaterialUpdate":false,"showSkybox":false,"showFlares":true,"showImageEffects":true,"showParticleSystems":true,"showVisualEffectGraphs":true,"m_FxEnabled":true},"in2DMode":false,"pivot":{"x":0.41518568992614748,"y":0.6704429388046265,"z":-0.6136696338653565},"rotation":{"x":0.06335549801588059,"y":0.9361006617546082,"z":-0.26058581471443179,"w":0.22759179770946504},"size":2.012162446975708,"orthographic":false}