{"cameraMode":{"drawMode":0,"name":"Shaded","section":"Shading Mode"},"sceneLighting":false,"audioPlay":false,"sceneViewState":{"showFog":true,"showMaterialUpdate":false,"showSkybox":false,"showFlares":true,"showImageEffects":true,"showParticleSystems":true,"showVisualEffectGraphs":true,"m_FxEnabled":true},"in2DMode":false,"pivot":{"x":0.5955462455749512,"y":-0.41560566425323489,"z":1.299053430557251},"rotation":{"x":0.17130905389785767,"y":-0.061740610748529437,"z":0.010757328942418099,"w":0.983224093914032},"size":2.9015955924987795,"orthographic":false}