{"cameraMode":{"drawMode":0,"name":"Shaded","section":"Shading Mode"},"sceneLighting":false,"audioPlay":false,"sceneViewState":{"showFog":true,"showMaterialUpdate":false,"showSkybox":false,"showFlares":true,"showImageEffects":true,"showParticleSystems":true,"showVisualEffectGraphs":true,"m_FxEnabled":true},"in2DMode":false,"pivot":{"x":4.993045806884766,"y":3.6056973934173586,"z":-21.374483108520509},"rotation":{"x":0.023444518446922303,"y":0.9562427997589111,"z":-0.07993471622467041,"w":0.28046324849128725},"size":2.4552927017211916,"orthographic":false}